<?xml version="1.0" encoding="UTF-8"?>
<metadata modelVersion="1.1.0">
  <groupId>org.apache.flink</groupId>
  <artifactId>statefun-smoke-e2e-multilang-harness</artifactId>
  <version>3.4-SNAPSHOT</version>
  <versioning>
    <snapshot>
      <localCopy>true</localCopy>
    </snapshot>
    <lastUpdated>20230816105244</lastUpdated>
    <snapshotVersions>
      <snapshotVersion>
        <extension>jar</extension>
        <value>3.4-SNAPSHOT</value>
        <updated>20230816105244</updated>
      </snapshotVersion>
      <snapshotVersion>
        <extension>pom</extension>
        <value>3.4-SNAPSHOT</value>
        <updated>20230816105244</updated>
      </snapshotVersion>
    </snapshotVersions>
  </versioning>
</metadata>
